/*Insert into flats*/
INSERT INTO flats (street, postal_code, city) VALUES ('Glanzstr. 11', '12437', 'Berlin');
INSERT INTO flats (street, postal_code, city) VALUES ('Plönzeile 21', '12459', 'Berlin');
INSERT INTO flats (street, postal_code, city) VALUES ('Leopoldo Alas 19', '22345', 'Oviedo');
INSERT INTO flats (street, postal_code, city) VALUES ('Simon-Dach-Str. 45', '12457', 'Berlin');
INSERT INTO flats (street, postal_code, city) VALUES ('Mühlenstr. 22', '33880', 'Hamburg');
INSERT INTO flats (street, postal_code, city) VALUES ('Nanclares de Oca 40', '28022', 'Madrid');
/*Insert into persons*/
INSERT INTO persons (flat_id, first_name, last_name) VALUES (1, 'Christoph', 'Stach');
INSERT INTO persons (flat_id, first_name, last_name) VALUES (1, 'Adrian', 'Saiz');
INSERT INTO persons (flat_id, first_name, last_name) VALUES (1, 'Belen', 'Garcia');
INSERT INTO persons (flat_id, first_name, last_name) VALUES (2, 'Anna', 'Müller');
INSERT INTO persons (flat_id, first_name, last_name) VALUES (2, 'Carlos', 'Capilla');
INSERT INTO persons (flat_id, first_name, last_name) VALUES (3, 'Laila', 'Westphal');
INSERT INTO persons (flat_id, first_name, last_name) VALUES (3, 'Vladimir', 'Vilenchik');
INSERT INTO persons (flat_id, first_name, last_name) VALUES (3, 'Akhmad', 'Sadullaev');
INSERT INTO persons (flat_id, first_name, last_name) VALUES (4, 'Hendrik', 'Gärtner');
INSERT INTO persons (flat_id, first_name, last_name) VALUES (5, 'Sara', 'del Grosso');
INSERT INTO persons (flat_id, first_name, last_name) VALUES (5, 'Saskia', 'Flasche');
/*Insert into products*/
INSERT INTO products (name, price) VALUES ('Glassreiniger', 0.99);
INSERT INTO products (name, price) VALUES ('Toiletenpapier', 3.99);
INSERT INTO products (name, price) VALUES ('Staubsauger', 20.50);
INSERT INTO products (name, price) VALUES ('Mülltüten', 0.60);
INSERT INTO products (name, price) VALUES ('Backpapier', 1.99);
INSERT INTO products (name, price) VALUES ('Wischmop', 4.15);
INSERT INTO products (name, price) VALUES ('Küchenrolle', 0.89);
INSERT INTO products (name, price) VALUES ('Bier', 5.99);
INSERT INTO products (name, price) VALUES ('Zahnpaste', 0.99);
INSERT INTO products (name, price) VALUES ('Spülmittel', 1.39);
/*Insert into rooms*/
INSERT INTO rooms (flat_id, name) VALUES (1, 'Küche');
INSERT INTO rooms (flat_id, name) VALUES (1, 'Badezimmer');
INSERT INTO rooms (flat_id, name) VALUES (1, 'Wohnzimmer');
INSERT INTO rooms (flat_id, name) VALUES (2, 'Küche');
INSERT INTO rooms (flat_id, name) VALUES (2, 'Badezimmer');
INSERT INTO rooms (flat_id, name) VALUES (2, 'Wohnzimmer');
INSERT INTO rooms (flat_id, name) VALUES (3, 'Küche');
INSERT INTO rooms (flat_id, name) VALUES (3, 'Badezimmer');
INSERT INTO rooms (flat_id, name) VALUES (3, 'Wohnzimmer');
INSERT INTO rooms (flat_id, name) VALUES (4, 'Küche');
INSERT INTO rooms (flat_id, name) VALUES (4, 'Badezimmer');
INSERT INTO rooms (flat_id, name) VALUES (4, 'Wohnzimmer');
INSERT INTO rooms (flat_id, name) VALUES (5, 'Küche');
INSERT INTO rooms (flat_id, name) VALUES (5, 'Badezimmer');
INSERT INTO rooms (flat_id, name) VALUES (5, 'Wohnzimmer');
INSERT INTO rooms (flat_id, name) VALUES (6, 'Küche');
INSERT INTO rooms (flat_id, name) VALUES (6, 'Badezimmer');
INSERT INTO rooms (flat_id, name) VALUES (6, 'Wohnzimmer');
/*Insert into product_have_categories*/
INSERT INTO categories (name) VALUES ('Lebensmittel');
INSERT INTO categories (name) VALUES ('Getränke');
INSERT INTO categories (name) VALUES ('Reinigungsmittel');
INSERT INTO categories (name) VALUES ('Kochen');
/*Insert into tasks*/
INSERT INTO tasks (room_id, name, points) VALUES (1, 'Geschirspülen', 3);
INSERT INTO tasks (room_id, name, points) VALUES (1, 'Boden wischen', 2);
INSERT INTO tasks (room_id, name, points) VALUES (2, 'Glässer reinigen', 3);
INSERT INTO tasks (room_id, name, points) VALUES (2, 'Staubsaugen', 2);
INSERT INTO tasks (room_id, name, points) VALUES (2, 'Boden wischen', 2);
INSERT INTO tasks (room_id, name, points) VALUES (2, 'klo sauber machen', 4);
INSERT INTO tasks (room_id, name, points) VALUES (3, 'Staubsaugen', 2);
INSERT INTO tasks (room_id, name, points) VALUES (3, 'Boden wischen', 2);
INSERT INTO tasks (room_id, name, points) VALUES (3, 'Aufräumen', 1);
INSERT INTO tasks (room_id, name, points) VALUES (4, 'Geschirspülen', 3);
INSERT INTO tasks (room_id, name, points) VALUES (5, 'Glässer reinigen', 3);
INSERT INTO tasks (room_id, name, points) VALUES (5, 'Staubsaugen', 2);
INSERT INTO tasks (room_id, name, points) VALUES (5, 'klo sauber machen', 4);
INSERT INTO tasks (room_id, name, points) VALUES (6, 'Staubsaugen', 2);
INSERT INTO tasks (room_id, name, points) VALUES (6, 'Aufräumen', 1);
INSERT INTO tasks (room_id, name, points) VALUES (7, 'Geschirspülen', 3);
INSERT INTO tasks (room_id, name, points) VALUES (7, 'Boden wischen', 2);
INSERT INTO tasks (room_id, name, points) VALUES (8, 'Glässer reinigen', 3);
INSERT INTO tasks (room_id, name, points) VALUES (8, 'Boden wischen', 2);
INSERT INTO tasks (room_id, name, points) VALUES (8, 'klo sauber machen', 4);
INSERT INTO tasks (room_id, name, points) VALUES (9, 'Boden wischen', 2);
INSERT INTO tasks (room_id, name, points) VALUES (9, 'Aufräumen', 1);
INSERT INTO tasks (room_id, name, points) VALUES (10, 'Geschirspülen', 3);
INSERT INTO tasks (room_id, name, points) VALUES (10, 'Boden wischen', 2);
INSERT INTO tasks (room_id, name, points) VALUES (11, 'Staubsaugen', 2);
INSERT INTO tasks (room_id, name, points) VALUES (11, 'Boden wischen', 2);
INSERT INTO tasks (room_id, name, points) VALUES (11, 'klo sauber machen', 4);
INSERT INTO tasks (room_id, name, points) VALUES (12, 'Staubsaugen', 2);
INSERT INTO tasks (room_id, name, points) VALUES (12, 'Boden wischen', 2);
INSERT INTO tasks (room_id, name, points) VALUES (12, 'Aufräumen', 1);
INSERT INTO tasks (room_id, name, points) VALUES (13, 'Geschirspülen', 3);
INSERT INTO tasks (room_id, name, points) VALUES (13, 'Boden wischen', 2);
INSERT INTO tasks (room_id, name, points) VALUES (14, 'Glässer reinigen', 3);
INSERT INTO tasks (room_id, name, points) VALUES (14, 'Staubsaugen', 2);
INSERT INTO tasks (room_id, name, points) VALUES (14, 'Boden wischen', 2);
INSERT INTO tasks (room_id, name, points) VALUES (14, 'klo sauber machen', 4);
INSERT INTO tasks (room_id, name, points) VALUES (15, 'Staubsaugen', 2);
INSERT INTO tasks (room_id, name, points) VALUES (15, 'Boden wischen', 2);
INSERT INTO tasks (room_id, name, points) VALUES (15, 'Aufräumen', 1);
INSERT INTO tasks (room_id, name, points) VALUES (16, 'Geschirspülen', 3);
INSERT INTO tasks (room_id, name, points) VALUES (17, 'Staubsaugen', 2);
INSERT INTO tasks (room_id, name, points) VALUES (17, 'klo sauber machen', 4);
INSERT INTO tasks (room_id, name, points) VALUES (18, 'Staubsaugen', 2);
INSERT INTO tasks (room_id, name, points) VALUES (18, 'Boden wischen', 2);
/*Insert into person_buy_products*/
INSERT INTO persons_buy_products (person_id, product_id, date, quantity) VALUES (1, 4, TIMESTAMP '2017-04-21 15:12:45', 1);
INSERT INTO persons_buy_products (person_id, product_id, date, quantity) VALUES (1, 8, TIMESTAMP '2017-04-21 15:12:46', 2);
INSERT INTO persons_buy_products (person_id, product_id, date, quantity) VALUES (2, 1, TIMESTAMP '2017-04-21 20:15:45', 1);
INSERT INTO persons_buy_products (person_id, product_id, date, quantity) VALUES (2, 2, TIMESTAMP '2017-04-21 20:15:18', 1);
INSERT INTO persons_buy_products (person_id, product_id, date, quantity) VALUES (2, 5, TIMESTAMP '2017-04-22 09:01:25', 2);
INSERT INTO persons_buy_products (person_id, product_id, date, quantity) VALUES (3, 10, TIMESTAMP '2017-04-04 16:10:41', 1);
INSERT INTO persons_buy_products (person_id, product_id, date, quantity) VALUES (4, 6, TIMESTAMP '2017-04-12 14:12:45', 1);
INSERT INTO persons_buy_products (person_id, product_id, date, quantity) VALUES (4, 9, TIMESTAMP '2017-04-11 14:13:45', 2);
INSERT INTO persons_buy_products (person_id, product_id, date, quantity) VALUES (5, 8, TIMESTAMP '2017-04-25 21:12:45', 4);
INSERT INTO persons_buy_products (person_id, product_id, date, quantity) VALUES (5, 7, TIMESTAMP '2017-04-24 11:15:45', 2);
INSERT INTO persons_buy_products (person_id, product_id, date, quantity) VALUES (5, 3, TIMESTAMP '2017-04-24 15:12:45', 1);
INSERT INTO persons_buy_products (person_id, product_id, date, quantity) VALUES (5, 1, TIMESTAMP '2017-04-24 11:15:46', 2);
INSERT INTO persons_buy_products (person_id, product_id, date, quantity) VALUES (7, 8, TIMESTAMP '2017-04-19 12:45:02', 1);
INSERT INTO persons_buy_products (person_id, product_id, date, quantity) VALUES (8, 9, TIMESTAMP '2017-03-15 17:18:45', 2);
INSERT INTO persons_buy_products (person_id, product_id, date, quantity) VALUES (8, 10, TIMESTAMP '2017-03-15 17:18:47', 1);
INSERT INTO persons_buy_products (person_id, product_id, date, quantity) VALUES (9, 4, TIMESTAMP '2017-04-21 15:12:45', 5);
INSERT INTO persons_buy_products (person_id, product_id, date, quantity) VALUES (10, 8, TIMESTAMP '2017-04-15 18:11:24', 1);
INSERT INTO persons_buy_products (person_id, product_id, date, quantity) VALUES (10, 5, TIMESTAMP '2017-04-15 18:11:23', 3);
INSERT INTO persons_buy_products (person_id, product_id, date, quantity) VALUES (10, 6, TIMESTAMP '2017-04-18 16:59:59', 1);
/*Insert into products_have_categories*/
INSERT INTO products_have_categories (product_id, category_id) VALUES (1, 3);
INSERT INTO products_have_categories (product_id, category_id) VALUES (2, 3);
INSERT INTO products_have_categories (product_id, category_id) VALUES (3, 3);
INSERT INTO products_have_categories (product_id, category_id) VALUES (4, 3);
INSERT INTO products_have_categories (product_id, category_id) VALUES (5, 4);
INSERT INTO products_have_categories (product_id, category_id) VALUES (6, 3);
INSERT INTO products_have_categories (product_id, category_id) VALUES (7, 4);
INSERT INTO products_have_categories (product_id, category_id) VALUES (8, 2);
INSERT INTO products_have_categories (product_id, category_id) VALUES (9, 3);
INSERT INTO products_have_categories (product_id, category_id) VALUES (10, 3);
/*Insert into persons_are_responsible_for_rooms*/
INSERT INTO persons_are_responsible_for_rooms (room_id, person_id, start_date, end_date) VALUES (1, 1, TIMESTAMP '2017-04-17 08:00:00', TIMESTAMP '2017-04-21 08:00:00');
INSERT INTO persons_are_responsible_for_rooms (room_id, person_id, start_date, end_date) VALUES (2, 2, TIMESTAMP '2017-04-17 08:00:00', TIMESTAMP '2017-04-21 08:00:00');
INSERT INTO persons_are_responsible_for_rooms (room_id, person_id, start_date, end_date) VALUES (3, 3, TIMESTAMP '2017-04-17 08:00:00', TIMESTAMP '2017-04-21 08:00:00');
INSERT INTO persons_are_responsible_for_rooms (room_id, person_id, start_date, end_date) VALUES (4, 4, TIMESTAMP '2017-04-17 08:00:00', TIMESTAMP '2017-04-21 08:00:00');
INSERT INTO persons_are_responsible_for_rooms (room_id, person_id, start_date, end_date) VALUES (5, 4, TIMESTAMP '2017-04-17 08:00:00', TIMESTAMP '2017-04-21 08:00:00');
INSERT INTO persons_are_responsible_for_rooms (room_id, person_id, start_date, end_date) VALUES (6, 5, TIMESTAMP '2017-04-17 08:00:00', TIMESTAMP '2017-04-21 08:00:00');
INSERT INTO persons_are_responsible_for_rooms (room_id, person_id, start_date, end_date) VALUES (7, 6, TIMESTAMP '2017-04-17 08:00:00', TIMESTAMP '2017-04-21 08:00:00');
INSERT INTO persons_are_responsible_for_rooms (room_id, person_id, start_date, end_date) VALUES (8, 7, TIMESTAMP '2017-04-17 08:00:00', TIMESTAMP '2017-04-21 08:00:00');
INSERT INTO persons_are_responsible_for_rooms (room_id, person_id, start_date, end_date) VALUES (9, 8, TIMESTAMP '2017-04-17 08:00:00', TIMESTAMP '2017-04-21 08:00:00');
INSERT INTO persons_are_responsible_for_rooms (room_id, person_id, start_date, end_date) VALUES (10, 9, TIMESTAMP '2017-04-17 08:00:00', TIMESTAMP '2017-04-21 08:00:00');
INSERT INTO persons_are_responsible_for_rooms (room_id, person_id, start_date, end_date) VALUES (11, 9, TIMESTAMP '2017-04-17 08:00:00', TIMESTAMP '2017-04-21 08:00:00');
INSERT INTO persons_are_responsible_for_rooms (room_id, person_id, start_date, end_date) VALUES (12, 9, TIMESTAMP '2017-04-17 08:00:00', TIMESTAMP '2017-04-21 08:00:00');
INSERT INTO persons_are_responsible_for_rooms (room_id, person_id, start_date, end_date) VALUES (13, 10, TIMESTAMP '2017-04-17 08:00:00', TIMESTAMP '2017-04-21 08:00:00');
INSERT INTO persons_are_responsible_for_rooms (room_id, person_id, start_date, end_date) VALUES (14, 10, TIMESTAMP '2017-04-17 08:00:00', TIMESTAMP '2017-04-21 08:00:00');
INSERT INTO persons_are_responsible_for_rooms (room_id, person_id, start_date, end_date) VALUES (15, 11, TIMESTAMP '2017-04-17 08:00:00', TIMESTAMP '2017-04-21 08:00:00');